,GAME_ID,GAME_DATE,MATCHUP
1,0021700002,2017-10-17,HOU @ GSW
2,0021700001,2017-10-17,BOS @ CLE
4,0021700011,2017-10-18,MIN @ SAS
6,0021700012,2017-10-18,POR @ PHX
9,0021700007,2017-10-18,MIL @ BOS
11,0021700005,2017-10-18,MIA @ ORL
12,0021700003,2017-10-18,CHA @ DET
15,0021700004,2017-10-18,BKN @ IND
16,0021700010,2017-10-18,DEN @ UTA
18,0021700009,2017-10-18,ATL @ DAL
21,0021700013,2017-10-18,HOU @ SAC
23,0021700006,2017-10-18,PHI @ WAS
24,0021700008,2017-10-18,NOP @ MEM
26,0021700016,2017-10-19,LAC @ LAL
28,0021700015,2017-10-19,NYK @ OKC
31,0021700014,2017-10-19,CHI @ TOR
32,0021700019,2017-10-20,BOS @ PHI
34,0021700026,2017-10-20,LAL @ PHX
37,0021700022,2017-10-20,ORL @ BKN
38,0021700018,2017-10-20,POR @ IND
40,0021700021,2017-10-20,CLE @ MIL
42,0021700024,2017-10-20,SAC @ DAL
45,0021700023,2017-10-20,UTA @ MIN
46,0021700017,2017-10-20,ATL @ CHA
49,0021700020,2017-10-20,DET @ WAS
51,0021700025,2017-10-20,GSW @ NOP
52,0021700031,2017-10-21,SAS @ CHI
55,0021700030,2017-10-21,DET @ NYK
56,0021700028,2017-10-21,ORL @ CLE
59,0021700032,2017-10-21,DAL @ HOU
60,0021700029,2017-10-21,IND @ MIA
63,0021700037,2017-10-21,PHX @ LAC
65,0021700036,2017-10-21,OKC @ UTA
67,0021700034,2017-10-21,POR @ MIL
68,0021700035,2017-10-21,SAC @ DEN
71,0021700027,2017-10-21,PHI @ TOR
73,0021700033,2017-10-21,GSW @ MEM
75,0021700040,2017-10-22,NOP @ LAL
76,0021700038,2017-10-22,ATL @ BKN
79,0021700039,2017-10-22,MIN @ OKC
81,0021700046,2017-10-23,TOR @ SAS
83,0021700048,2017-10-23,SAC @ PHX
85,0021700043,2017-10-23,MEM @ HOU
87,0021700041,2017-10-23,PHI @ DET
89,0021700042,2017-10-23,ATL @ MIA
91,0021700045,2017-10-23,GSW @ DAL
92,0021700044,2017-10-23,CHA @ MIL
94,0021700047,2017-10-23,WAS @ DEN
96,0021700051,2017-10-24,NYK @ BOS
98,0021700049,2017-10-24,CHI @ CLE
101,0021700050,2017-10-24,BKN @ ORL
102,0021700054,2017-10-24,UTA @ LAC
104,0021700053,2017-10-24,NOP @ POR
107,0021700052,2017-10-24,IND @ MIN
108,0021700057,2017-10-25,HOU @ PHI
111,0021700063,2017-10-25,TOR @ GSW
113,0021700064,2017-10-25,WAS @ LAL
115,0021700062,2017-10-25,UTA @ PHX
117,0021700058,2017-10-25,CLE @ BKN
119,0021700056,2017-10-25,MIN @ DET
120,0021700059,2017-10-25,SAS @ MIA
122,0021700061,2017-10-25,MEM @ DAL
125,0021700055,2017-10-25,DEN @ CHA
126,0021700060,2017-10-25,IND @ OKC
128,0021700065,2017-10-26,ATL @ CHI
131,0021700068,2017-10-26,LAC @ POR
132,0021700067,2017-10-26,BOS @ MIL
135,0021700069,2017-10-26,NOP @ SAC
136,0021700066,2017-10-26,DAL @ MEM
139,0021700075,2017-10-27,WAS @ GSW
140,0021700076,2017-10-27,TOR @ LAL
142,0021700073,2017-10-27,BKN @ NYK
144,0021700071,2017-10-27,SAS @ ORL
146,0021700072,2017-10-27,DEN @ ATL
149,0021700074,2017-10-27,OKC @ MIN
151,0021700070,2017-10-27,HOU @ CHA
153,0021700079,2017-10-28,OKC @ CHI
154,0021700078,2017-10-28,BOS @ MIA
156,0021700084,2017-10-28,DET @ LAC
159,0021700083,2017-10-28,PHX @ POR
161,0021700082,2017-10-28,LAL @ UTA
162,0021700081,2017-10-28,PHI @ DAL
164,0021700080,2017-10-28,HOU @ MEM
167,0021700077,2017-10-28,CLE @ NOP
168,0021700091,2017-10-29,DET @ GSW
171,0021700087,2017-10-29,DEN @ BKN
172,0021700090,2017-10-29,NYK @ CLE
175,0021700086,2017-10-29,SAS @ IND
177,0021700085,2017-10-29,MIL @ ATL
178,0021700089,2017-10-29,WAS @ SAC
181,0021700088,2017-10-29,ORL @ CHA
182,0021700094,2017-10-30,DEN @ NYK
184,0021700092,2017-10-30,SAS @ BOS
186,0021700095,2017-10-30,PHI @ HOU
189,0021700093,2017-10-30,MIN @ MIA
191,0021700100,2017-10-30,GSW @ LAC
192,0021700099,2017-10-30,TOR @ POR
194,0021700098,2017-10-30,DAL @ UTA
196,0021700096,2017-10-30,CHA @ MEM
199,0021700097,2017-10-30,ORL @ NOP
201,0021700104,2017-10-31,DET @ LAL
202,0021700102,2017-10-31,PHX @ BKN
204,0021700101,2017-10-31,SAC @ IND
206,0021700103,2017-10-31,OKC @ MIL
208,0021700107,2017-11-01,ATL @ PHI
211,0021700111,2017-11-01,HOU @ NYK
212,0021700109,2017-11-01,SAC @ BOS
214,0021700106,2017-11-01,IND @ CLE
217,0021700110,2017-11-01,CHI @ MIA
218,0021700116,2017-11-01,DAL @ LAC
220,0021700115,2017-11-01,POR @ UTA
222,0021700114,2017-11-01,TOR @ DEN
224,0021700105,2017-11-01,MIL @ CHA
226,0021700108,2017-11-01,PHX @ WAS
228,0021700112,2017-11-01,ORL @ MEM
230,0021700113,2017-11-01,MIN @ NOP
233,0021700117,2017-11-02,GSW @ SAS
235,0021700118,2017-11-02,LAL @ POR
237,0021700121,2017-11-03,IND @ PHI
238,0021700126,2017-11-03,CHA @ SAS
240,0021700130,2017-11-03,BKN @ LAL
242,0021700124,2017-11-03,PHX @ NYK
245,0021700120,2017-11-03,CHI @ ORL
247,0021700119,2017-11-03,MIL @ DET
249,0021700128,2017-11-03,TOR @ UTA
250,0021700123,2017-11-03,HOU @ ATL
253,0021700125,2017-11-03,NOP @ DAL
255,0021700127,2017-11-03,MIA @ DEN
257,0021700122,2017-11-03,CLE @ WAS
259,0021700129,2017-11-03,BOS @ OKC
260,0021700133,2017-11-04,NOP @ CHI
263,0021700132,2017-11-04,SAC @ DET
265,0021700131,2017-11-04,MEM @ LAC
267,0021700135,2017-11-04,GSW @ DEN
269,0021700134,2017-11-04,DAL @ MIN
270,0021700141,2017-11-05,PHX @ SAS
272,0021700145,2017-11-05,MEM @ LAL
274,0021700142,2017-11-05,IND @ NYK
277,0021700136,2017-11-05,ATL @ CLE
278,0021700140,2017-11-05,UTA @ HOU
281,0021700138,2017-11-05,BOS @ ORL
283,0021700137,2017-11-05,MIA @ LAC
285,0021700144,2017-11-05,OKC @ POR
287,0021700143,2017-11-05,CHA @ MIN
288,0021700139,2017-11-05,WAS @ TOR
291,0021700148,2017-11-06,MIA @ GSW
293,0021700147,2017-11-06,BKN @ PHX
295,0021700146,2017-11-06,BOS @ ATL
296,0021700154,2017-11-07,LAC @ SAS
299,0021700152,2017-11-07,CHA @ NYK
301,0021700149,2017-11-07,MIL @ CLE
303,0021700157,2017-11-07,MEM @ POR
304,0021700150,2017-11-07,NOP @ IND
306,0021700156,2017-11-07,PHI @ UTA
308,0021700158,2017-11-07,OKC @ SAC
311,0021700155,2017-11-07,BKN @ DEN
312,0021700151,2017-11-07,DAL @ WAS
315,0021700153,2017-11-07,CHI @ TOR
316,0021700163,2017-11-08,MIN @ GSW
319,0021700162,2017-11-08,MIA @ PHX
320,0021700161,2017-11-08,LAL @ BOS
323,0021700160,2017-11-08,NYK @ ORL
325,0021700159,2017-11-08,IND @ DET
327,0021700166,2017-11-09,CLE @ HOU
328,0021700167,2017-11-09,PHI @ SAC
330,0021700168,2017-11-09,OKC @ DEN
333,0021700164,2017-11-09,LAL @ WAS
335,0021700165,2017-11-09,NOP @ TOR
336,0021700173,2017-11-10,MIL @ SAS
339,0021700171,2017-11-10,IND @ CHI
341,0021700174,2017-11-10,ORL @ PHX
343,0021700170,2017-11-10,CHA @ BOS
344,0021700169,2017-11-10,ATL @ DET
347,0021700176,2017-11-10,BKN @ POR
349,0021700175,2017-11-10,MIA @ UTA
351,0021700172,2017-11-10,LAC @ OKC
352,0021700184,2017-11-11,PHI @ GSW
354,0021700183,2017-11-11,CHI @ SAS
357,0021700179,2017-11-11,SAC @ NYK
359,0021700186,2017-11-11,MIN @ PHX
361,0021700180,2017-11-11,MEM @ HOU
362,0021700187,2017-11-11,BKN @ UTA
365,0021700181,2017-11-11,CLE @ DAL
366,0021700182,2017-11-11,LAL @ MIL
368,0021700185,2017-11-11,ORL @ DEN
370,0021700177,2017-11-11,ATL @ WAS
373,0021700178,2017-11-11,LAC @ NOP
375,0021700188,2017-11-12,TOR @ BOS
376,0021700189,2017-11-12,MIA @ DET
379,0021700190,2017-11-12,HOU @ IND
380,0021700191,2017-11-12,DAL @ OKC
382,0021700199,2017-11-13,ORL @ GSW
385,0021700193,2017-11-13,CLE @ NYK
386,0021700196,2017-11-13,LAL @ PHX
388,0021700198,2017-11-13,DEN @ POR
391,0021700200,2017-11-13,PHI @ LAC
393,0021700197,2017-11-13,MIN @ UTA
395,0021700194,2017-11-13,MEM @ MIL
397,0021700192,2017-11-13,SAC @ WAS
399,0021700195,2017-11-13,ATL @ NOP
400,0021700201,2017-11-14,BOS @ BKN
403,0021700202,2017-11-14,TOR @ HOU
405,0021700203,2017-11-14,SAS @ DAL
406,0021700214,2017-11-15,PHI @ LAL
408,0021700206,2017-11-15,UTA @ NYK
411,0021700205,2017-11-15,WAS @ MIA
412,0021700213,2017-11-15,ORL @ POR
415,0021700204,2017-11-15,SAC @ ATL
416,0021700209,2017-11-15,DET @ MIL
419,0021700210,2017-11-15,SAS @ MIN
420,0021700207,2017-11-15,CLE @ CHA
422,0021700208,2017-11-15,IND @ MEM
425,0021700212,2017-11-15,CHI @ OKC
426,0021700211,2017-11-15,TOR @ NOP
429,0021700216,2017-11-16,HOU @ PHX
431,0021700215,2017-11-16,GSW @ BOS
432,0021700223,2017-11-17,OKC @ SAS
434,0021700227,2017-11-17,PHX @ LAL
437,0021700222,2017-11-17,CHA @ CHI
438,0021700219,2017-11-17,UTA @ BKN
440,0021700220,2017-11-17,LAC @ CLE
443,0021700217,2017-11-17,DET @ IND
444,0021700224,2017-11-17,MIN @ DAL
446,0021700225,2017-11-17,POR @ SAC
448,0021700226,2017-11-17,NOP @ DEN
450,0021700218,2017-11-17,MIA @ WAS
452,0021700221,2017-11-17,NYK @ TOR
455,0021700231,2017-11-18,GSW @ PHI
456,0021700229,2017-11-18,UTA @ ORL
459,0021700234,2017-11-18,SAC @ POR
461,0021700230,2017-11-18,BOS @ ATL
463,0021700233,2017-11-18,MIL @ DAL
464,0021700228,2017-11-18,LAC @ CHA
466,0021700232,2017-11-18,HOU @ MEM
469,0021700240,2017-11-19,DEN @ LAL
470,0021700239,2017-11-19,CHI @ PHX
473,0021700236,2017-11-19,GSW @ BKN
475,0021700235,2017-11-19,IND @ MIA
477,0021700238,2017-11-19,DET @ MIN
479,0021700237,2017-11-19,WAS @ TOR
481,0021700244,2017-11-20,UTA @ PHI
482,0021700250,2017-11-20,ATL @ SAS
484,0021700245,2017-11-20,LAC @ NYK
487,0021700243,2017-11-20,IND @ ORL
489,0021700242,2017-11-20,CLE @ DET
491,0021700249,2017-11-20,BOS @ DAL
492,0021700247,2017-11-20,WAS @ MIL
495,0021700251,2017-11-20,DEN @ SAC
496,0021700241,2017-11-20,MIN @ CHA
499,0021700246,2017-11-20,POR @ MEM
500,0021700248,2017-11-20,OKC @ NOP
503,0021700252,2017-11-21,CHI @ LAL
505,0021700255,2017-11-22,POR @ PHI
507,0021700258,2017-11-22,TOR @ NYK
509,0021700264,2017-11-22,MIL @ PHX
510,0021700254,2017-11-22,BKN @ CLE
513,0021700259,2017-11-22,DEN @ HOU
515,0021700257,2017-11-22,BOS @ MIA
517,0021700256,2017-11-22,LAC @ ATL
518,0021700265,2017-11-22,CHI @ UTA
520,0021700266,2017-11-22,LAL @ SAC
522,0021700261,2017-11-22,ORL @ MIN
524,0021700253,2017-11-22,WAS @ CHA
527,0021700260,2017-11-22,DAL @ MEM
528,0021700263,2017-11-22,GSW @ OKC
530,0021700262,2017-11-22,SAS @ NOP
533,0021700276,2017-11-24,CHI @ GSW
535,0021700275,2017-11-24,NOP @ PHX
537,0021700269,2017-11-24,ORL @ BOS
538,0021700267,2017-11-24,POR @ BKN
541,0021700270,2017-11-24,CHA @ CLE
543,0021700271,2017-11-24,TOR @ IND
545,0021700268,2017-11-24,NYK @ ATL
546,0021700272,2017-11-24,MIA @ MIN
549,0021700274,2017-11-24,MEM @ DEN
551,0021700273,2017-11-24,DET @ OKC
552,0021700278,2017-11-25,ORL @ PHI
555,0021700284,2017-11-25,NOP @ GSW
557,0021700282,2017-11-25,NYK @ HOU
559,0021700281,2017-11-25,BOS @ IND
560,0021700280,2017-11-25,TOR @ ATL
563,0021700285,2017-11-25,MIL @ UTA
565,0021700283,2017-11-25,OKC @ DAL
566,0021700286,2017-11-25,LAC @ SAC
569,0021700277,2017-11-25,SAS @ CHA
570,0021700279,2017-11-25,POR @ WAS
573,0021700287,2017-11-26,MIA @ CHI
574,0021700288,2017-11-26,PHX @ MIN
576,0021700289,2017-11-26,BKN @ MEM
579,0021700291,2017-11-27,CLE @ PHI
580,0021700296,2017-11-27,SAC @ GSW
582,0021700295,2017-11-27,DAL @ SAS
585,0021700293,2017-11-27,POR @ NYK
586,0021700292,2017-11-27,DET @ BOS
588,0021700294,2017-11-27,BKN @ HOU
591,0021700297,2017-11-27,LAL @ LAC
592,0021700290,2017-11-27,ORL @ IND
595,0021700299,2017-11-28,PHX @ CHI
596,0021700298,2017-11-28,MIA @ CLE
598,0021700301,2017-11-28,DEN @ UTA
600,0021700302,2017-11-28,MIL @ SAC
603,0021700300,2017-11-28,WAS @ MIN
605,0021700305,2017-11-29,WAS @ PHI
607,0021700311,2017-11-29,MEM @ SAS
609,0021700312,2017-11-29,GSW @ LAL
610,0021700306,2017-11-29,MIA @ NYK
612,0021700308,2017-11-29,IND @ HOU
614,0021700304,2017-11-29,OKC @ ORL
616,0021700303,2017-11-29,PHX @ DET
619,0021700310,2017-11-29,BKN @ DAL
621,0021700307,2017-11-29,CHA @ TOR
622,0021700309,2017-11-29,MIN @ NOP
625,0021700314,2017-11-30,PHI @ BOS
627,0021700316,2017-11-30,MIL @ POR
629,0021700317,2017-11-30,UTA @ LAC
631,0021700313,2017-11-30,CLE @ ATL
632,0021700315,2017-11-30,CHI @ DEN
635,0021700322,2017-12-01,SAC @ CHI
636,0021700318,2017-12-01,GSW @ ORL
639,0021700321,2017-12-01,CHA @ MIA
640,0021700325,2017-12-01,NOP @ UTA
643,0021700320,2017-12-01,DET @ WAS
645,0021700319,2017-12-01,IND @ TOR
647,0021700323,2017-12-01,SAS @ MEM
649,0021700324,2017-12-01,MIN @ OKC
651,0021700330,2017-12-02,DET @ PHI
652,0021700326,2017-12-02,PHX @ BOS
655,0021700328,2017-12-02,ATL @ BKN
656,0021700329,2017-12-02,MEM @ CLE
658,0021700333,2017-12-02,NOP @ POR
660,0021700327,2017-12-02,LAC @ DAL
662,0021700331,2017-12-02,SAC @ MIL
664,0021700332,2017-12-02,LAL @ DEN
666,0021700338,2017-12-03,HOU @ LAL
668,0021700334,2017-12-03,ORL @ NYK
670,0021700335,2017-12-03,GSW @ MIA
672,0021700336,2017-12-03,LAC @ MIN
674,0021700337,2017-12-03,SAS @ OKC
676,0021700341,2017-12-04,PHX @ PHI
679,0021700348,2017-12-04,DET @ SAS
680,0021700344,2017-12-04,CLE @ CHI
683,0021700343,2017-12-04,MIL @ BOS
684,0021700340,2017-12-04,NYK @ IND
686,0021700342,2017-12-04,BKN @ ATL
689,0021700347,2017-12-04,DEN @ DAL
691,0021700349,2017-12-04,WAS @ UTA
693,0021700339,2017-12-04,ORL @ CHA
695,0021700345,2017-12-04,MIN @ MEM
697,0021700346,2017-12-04,GSW @ NOP
699,0021700352,2017-12-05,WAS @ POR
701,0021700350,2017-12-05,PHX @ TOR
703,0021700351,2017-12-05,UTA @ OKC
704,0021700361,2017-12-06,MIA @ SAS
707,0021700357,2017-12-06,MEM @ NYK
709,0021700356,2017-12-06,DAL @ BOS
710,0021700353,2017-12-06,SAC @ CLE
713,0021700355,2017-12-06,ATL @ ORL
715,0021700362,2017-12-06,MIN @ LAC
717,0021700354,2017-12-06,CHI @ IND
719,0021700359,2017-12-06,DET @ MIL
720,0021700358,2017-12-06,GSW @ CHA
723,0021700360,2017-12-06,DEN @ NOP
725,0021700363,2017-12-07,LAL @ PHI
727,0021700364,2017-12-07,WAS @ PHX
728,0021700365,2017-12-07,OKC @ BKN
730,0021700366,2017-12-07,HOU @ UTA
733,0021700374,2017-12-08,BOS @ SAS
734,0021700370,2017-12-08,DEN @ ORL
737,0021700368,2017-12-08,GSW @ DET
739,0021700369,2017-12-08,CLE @ IND
741,0021700372,2017-12-08,DAL @ MIL
742,0021700367,2017-12-08,CHI @ CHA
745,0021700371,2017-12-08,TOR @ MEM
747,0021700373,2017-12-08,SAC @ NOP
749,0021700380,2017-12-09,NYK @ CHI
751,0021700383,2017-12-09,SAS @ PHX
752,0021700376,2017-12-09,MIA @ BKN
755,0021700379,2017-12-09,PHI @ CLE
757,0021700375,2017-12-09,WAS @ LAC
759,0021700384,2017-12-09,HOU @ POR
761,0021700378,2017-12-09,ORL @ ATL
762,0021700381,2017-12-09,UTA @ MIL
765,0021700377,2017-12-09,LAL @ CHA
766,0021700382,2017-12-09,OKC @ MEM
769,0021700390,2017-12-10,ATL @ NYK
771,0021700386,2017-12-10,BOS @ DET
772,0021700387,2017-12-10,DEN @ IND
775,0021700385,2017-12-10,TOR @ SAC
776,0021700388,2017-12-10,DAL @ MIN
779,0021700389,2017-12-10,PHI @ NOP
780,0021700395,2017-12-11,POR @ GSW
782,0021700391,2017-12-11,BOS @ CHI
785,0021700392,2017-12-11,NOP @ HOU
787,0021700396,2017-12-11,TOR @ LAC
789,0021700393,2017-12-11,MIA @ MEM
791,0021700394,2017-12-11,CHA @ OKC
792,0021700399,2017-12-12,LAL @ NYK
794,0021700400,2017-12-12,WAS @ BKN
796,0021700397,2017-12-12,ATL @ CLE
799,0021700398,2017-12-12,DEN @ DET
800,0021700402,2017-12-12,SAS @ DAL
803,0021700403,2017-12-12,PHX @ SAC
805,0021700401,2017-12-12,PHI @ MIN
806,0021700409,2017-12-13,UTA @ CHI
809,0021700411,2017-12-13,TOR @ PHX
810,0021700407,2017-12-13,DEN @ BOS
813,0021700412,2017-12-13,CHA @ HOU
815,0021700405,2017-12-13,LAC @ ORL
817,0021700408,2017-12-13,POR @ MIA
818,0021700404,2017-12-13,OKC @ IND
821,0021700406,2017-12-13,MEM @ WAS
823,0021700410,2017-12-13,MIL @ NOP
824,0021700417,2017-12-14,DAL @ GSW
827,0021700414,2017-12-14,NYK @ BKN
828,0021700415,2017-12-14,LAL @ CLE
831,0021700413,2017-12-14,DET @ ATL
832,0021700416,2017-12-14,SAC @ MIN
834,0021700421,2017-12-15,OKC @ PHI
837,0021700423,2017-12-15,UTA @ BOS
838,0021700428,2017-12-15,SAS @ HOU
840,0021700420,2017-12-15,POR @ ORL
842,0021700419,2017-12-15,DET @ IND
844,0021700426,2017-12-15,CHI @ MIL
847,0021700427,2017-12-15,NOP @ DEN
848,0021700418,2017-12-15,MIA @ CHA
850,0021700422,2017-12-15,LAC @ WAS
853,0021700425,2017-12-15,ATL @ MEM
855,0021700424,2017-12-15,BKN @ TOR
857,0021700435,2017-12-16,DAL @ SAS
859,0021700431,2017-12-16,OKC @ NYK
860,0021700430,2017-12-16,UTA @ CLE
862,0021700433,2017-12-16,MIL @ HOU
864,0021700432,2017-12-16,LAC @ MIA
867,0021700434,2017-12-16,PHX @ MIN
868,0021700429,2017-12-16,POR @ CHA
870,0021700436,2017-12-16,BOS @ MEM
872,0021700439,2017-12-17,IND @ BKN
874,0021700438,2017-12-17,ORL @ DET
877,0021700440,2017-12-17,CLE @ WAS
879,0021700437,2017-12-17,SAC @ TOR
881,0021700449,2017-12-18,LAC @ SAS
883,0021700450,2017-12-18,GSW @ LAL
884,0021700444,2017-12-18,PHI @ CHI
887,0021700445,2017-12-18,UTA @ HOU
888,0021700442,2017-12-18,BOS @ IND
890,0021700443,2017-12-18,MIA @ ATL
892,0021700448,2017-12-18,PHX @ DAL
894,0021700441,2017-12-18,NYK @ CHA
896,0021700446,2017-12-18,POR @ MIN
899,0021700447,2017-12-18,DEN @ OKC
901,0021700451,2017-12-19,SAC @ PHI
902,0021700453,2017-12-19,CLE @ MIL
904,0021700452,2017-12-19,NOP @ WAS
906,0021700464,2017-12-20,MEM @ GSW
909,0021700458,2017-12-20,ORL @ CHI
911,0021700456,2017-12-20,MIA @ BOS
912,0021700457,2017-12-20,SAC @ BKN
914,0021700459,2017-12-20,LAL @ HOU
917,0021700465,2017-12-20,PHX @ LAC
919,0021700463,2017-12-20,SAS @ POR
921,0021700455,2017-12-20,IND @ ATL
923,0021700461,2017-12-20,DET @ DAL
925,0021700462,2017-12-20,MIN @ DEN
926,0021700454,2017-12-20,TOR @ CHA
929,0021700460,2017-12-20,UTA @ OKC
931,0021700467,2017-12-21,TOR @ PHI
933,0021700468,2017-12-21,BOS @ NYK
934,0021700469,2017-12-21,MEM @ PHX
937,0021700466,2017-12-21,CHI @ CLE
939,0021700470,2017-12-21,SAS @ UTA
940,0021700479,2017-12-22,LAL @ GSW
943,0021700473,2017-12-22,WAS @ BKN
944,0021700475,2017-12-22,LAC @ HOU
946,0021700472,2017-12-22,NOP @ ORL
948,0021700471,2017-12-22,NYK @ DET
950,0021700474,2017-12-22,DAL @ MIA
953,0021700478,2017-12-22,DEN @ POR
955,0021700476,2017-12-22,CHA @ MIL
956,0021700477,2017-12-22,ATL @ OKC
958,0021700489,2017-12-23,DEN @ GSW
961,0021700491,2017-12-23,POR @ LAL
962,0021700490,2017-12-23,MIN @ PHX
964,0021700485,2017-12-23,CHI @ BOS
967,0021700486,2017-12-23,NOP @ MIA
968,0021700482,2017-12-23,BKN @ IND
970,0021700484,2017-12-23,DAL @ ATL
973,0021700488,2017-12-23,OKC @ UTA
974,0021700492,2017-12-23,SAS @ SAC
976,0021700481,2017-12-23,MIL @ CHA
979,0021700483,2017-12-23,ORL @ WAS
981,0021700487,2017-12-23,LAC @ MEM
983,0021700480,2017-12-23,PHI @ TOR
984,0021700494,2017-12-25,CLE @ GSW
987,0021700497,2017-12-25,MIN @ LAL
989,0021700493,2017-12-25,PHI @ NYK
991,0021700495,2017-12-25,WAS @ BOS
992,0021700496,2017-12-25,HOU @ OKC
994,0021700502,2017-12-26,BKN @ SAS
997,0021700504,2017-12-26,MEM @ PHX
998,0021700498,2017-12-26,IND @ DET
1001,0021700500,2017-12-26,ORL @ MIA
1002,0021700505,2017-12-26,SAC @ LAC
1004,0021700499,2017-12-26,TOR @ DAL
1006,0021700501,2017-12-26,CHI @ MIL
1009,0021700503,2017-12-26,UTA @ DEN
1011,0021700514,2017-12-27,UTA @ GSW
1013,0021700515,2017-12-27,MEM @ LAL
1015,0021700509,2017-12-27,NYK @ CHI
1017,0021700507,2017-12-27,DAL @ IND
1018,0021700508,2017-12-27,WAS @ ATL
1020,0021700513,2017-12-27,CLE @ SAC
1023,0021700506,2017-12-27,BOS @ CHA
1025,0021700510,2017-12-27,DEN @ MIN
1027,0021700512,2017-12-27,TOR @ OKC
1028,0021700511,2017-12-27,BKN @ NOP
1031,0021700519,2017-12-28,NYK @ SAS
1033,0021700517,2017-12-28,HOU @ BOS
1035,0021700516,2017-12-28,DET @ ORL
1036,0021700520,2017-12-28,PHI @ POR
1038,0021700518,2017-12-28,MIN @ MIL
1041,0021700528,2017-12-29,CHA @ GSW
1043,0021700529,2017-12-29,LAC @ LAL
1045,0021700524,2017-12-29,IND @ CHI
1047,0021700523,2017-12-29,BKN @ MIA
1048,0021700527,2017-12-29,PHX @ SAC
1051,0021700521,2017-12-29,HOU @ WAS
1053,0021700522,2017-12-29,ATL @ TOR
1055,0021700526,2017-12-29,MIL @ OKC
1057,0021700525,2017-12-29,DAL @ NOP
1059,0021700535,2017-12-30,MEM @ GSW
1060,0021700531,2017-12-30,MIA @ ORL
1063,0021700530,2017-12-30,SAS @ DET
1064,0021700533,2017-12-30,POR @ ATL
1066,0021700534,2017-12-30,CLE @ UTA
1069,0021700536,2017-12-30,PHI @ DEN
1070,0021700532,2017-12-30,NYK @ NOP
1072,0021700544,2017-12-31,PHI @ PHX
1075,0021700539,2017-12-31,BKN @ BOS
1076,0021700540,2017-12-31,LAL @ HOU
1079,0021700542,2017-12-31,CHA @ LAC
1080,0021700538,2017-12-31,MIN @ IND
1083,0021700543,2017-12-31,MEM @ SAC
1085,0021700537,2017-12-31,CHI @ WAS
1086,0021700541,2017-12-31,DAL @ OKC
1089,0021700547,2018-01-01,POR @ CHI
1090,0021700545,2018-01-01,ORL @ BKN
1093,0021700548,2018-01-01,LAL @ MIN
1095,0021700546,2018-01-01,MIL @ TOR
1096,0021700550,2018-01-02,SAS @ NYK
1098,0021700551,2018-01-02,ATL @ PHX
1100,0021700549,2018-01-02,POR @ CLE
1102,0021700553,2018-01-02,MEM @ LAC
1104,0021700552,2018-01-02,CHA @ SAC
1106,0021700555,2018-01-03,SAS @ PHI
1109,0021700565,2018-01-03,OKC @ LAL
1110,0021700560,2018-01-03,TOR @ CHI
1113,0021700557,2018-01-03,MIN @ BKN
1115,0021700559,2018-01-03,CLE @ BOS
1117,0021700554,2018-01-03,HOU @ ORL
1118,0021700558,2018-01-03,DET @ MIA
1120,0021700564,2018-01-03,NOP @ UTA
1123,0021700562,2018-01-03,GSW @ DAL
1125,0021700561,2018-01-03,IND @ MIL
1126,0021700563,2018-01-03,PHX @ DEN
1128,0021700556,2018-01-03,NYK @ WAS
1130,0021700566,2018-01-04,GSW @ HOU
1132,0021700567,2018-01-04,OKC @ LAC
1134,0021700569,2018-01-05,DET @ PHI
1137,0021700573,2018-01-05,PHX @ SAS
1138,0021700577,2018-01-05,CHA @ LAL
1140,0021700570,2018-01-05,MIN @ BOS
1143,0021700568,2018-01-05,NYK @ MIA
1144,0021700576,2018-01-05,ATL @ POR
1146,0021700572,2018-01-05,CHI @ DAL
1148,0021700571,2018-01-05,TOR @ MIL
1151,0021700574,2018-01-05,UTA @ DEN
1153,0021700575,2018-01-05,WAS @ MEM
1155,0021700579,2018-01-06,BOS @ BKN
1156,0021700582,2018-01-06,CLE @ ORL
1158,0021700580,2018-01-06,HOU @ DET
1161,0021700578,2018-01-06,GSW @ LAC
1162,0021700581,2018-01-06,CHI @ IND
1164,0021700585,2018-01-06,DEN @ SAC
1167,0021700584,2018-01-06,NOP @ MIN
1168,0021700583,2018-01-06,MIL @ WAS
1171,0021700590,2018-01-07,ATL @ LAL
1172,0021700588,2018-01-07,OKC @ PHX
1174,0021700586,2018-01-07,UTA @ MIA
1176,0021700589,2018-01-07,SAS @ POR
1178,0021700587,2018-01-07,NYK @ DAL
1181,0021700597,2018-01-08,DEN @ GSW
1183,0021700593,2018-01-08,HOU @ CHI
1185,0021700592,2018-01-08,TOR @ BKN
1186,0021700598,2018-01-08,ATL @ LAC
1189,0021700591,2018-01-08,MIL @ IND
1190,0021700596,2018-01-08,SAS @ SAC
1193,0021700594,2018-01-08,CLE @ MIN
1194,0021700595,2018-01-08,DET @ NOP
1196,0021700602,2018-01-09,SAC @ LAL
1199,0021700601,2018-01-09,ORL @ DAL
1201,0021700599,2018-01-09,MIA @ TOR
1203,0021700600,2018-01-09,POR @ OKC
1205,0021700613,2018-01-10,LAC @ GSW
1206,0021700607,2018-01-10,CHI @ NYK
1208,0021700606,2018-01-10,DET @ BKN
1210,0021700608,2018-01-10,POR @ HOU
1212,0021700604,2018-01-10,MIA @ IND
1214,0021700610,2018-01-10,ORL @ MIL
1216,0021700611,2018-01-10,OKC @ MIN
1219,0021700612,2018-01-10,ATL @ DEN
1221,0021700603,2018-01-10,DAL @ CHA
1223,0021700605,2018-01-10,UTA @ WAS
1225,0021700609,2018-01-10,NOP @ MEM
1227,0021700614,2018-01-11,BOS @ PHI
1229,0021700617,2018-01-11,SAS @ LAL
1230,0021700616,2018-01-11,LAC @ SAC
1233,0021700615,2018-01-11,CLE @ TOR
1234,0021700626,2018-01-12,HOU @ PHX
1237,0021700619,2018-01-12,CLE @ IND
1238,0021700621,2018-01-12,BKN @ ATL
1240,0021700622,2018-01-12,GSW @ MIL
1243,0021700623,2018-01-12,NYK @ MIN
1244,0021700625,2018-01-12,MEM @ DEN
1246,0021700618,2018-01-12,UTA @ CHA
1249,0021700620,2018-01-12,ORL @ WAS
1251,0021700624,2018-01-12,POR @ NOP
1253,0021700633,2018-01-13,DEN @ SAS
1255,0021700632,2018-01-13,DET @ CHI
1256,0021700628,2018-01-13,SAC @ LAC
1259,0021700627,2018-01-13,LAL @ DAL
1260,0021700629,2018-01-13,OKC @ CHA
1263,0021700630,2018-01-13,BKN @ WAS
1264,0021700631,2018-01-13,GSW @ TOR
1267,0021700635,2018-01-14,NOP @ NYK
1269,0021700636,2018-01-14,IND @ PHX
1270,0021700634,2018-01-14,MIL @ MIA
1273,0021700637,2018-01-14,POR @ MIN
1275,0021700639,2018-01-15,TOR @ PHI
1277,0021700644,2018-01-15,MIA @ CHI
1279,0021700642,2018-01-15,NYK @ BKN
1281,0021700646,2018-01-15,GSW @ CLE
1283,0021700638,2018-01-15,CHA @ DET
1284,0021700648,2018-01-15,HOU @ LAC
1286,0021700641,2018-01-15,SAS @ ATL
1289,0021700647,2018-01-15,IND @ UTA
1291,0021700640,2018-01-15,MIL @ WAS
1293,0021700645,2018-01-15,LAL @ MEM
1294,0021700643,2018-01-15,SAC @ OKC
1297,0021700650,2018-01-16,NOP @ BOS
1299,0021700649,2018-01-16,MIN @ ORL
1300,0021700652,2018-01-16,PHX @ POR
1303,0021700651,2018-01-16,DAL @ DEN
1304,0021700657,2018-01-17,GSW @ CHI
1307,0021700655,2018-01-17,SAS @ BKN
1308,0021700662,2018-01-17,DEN @ LAC
1311,0021700654,2018-01-17,NOP @ ATL
1312,0021700659,2018-01-17,MIA @ MIL
1315,0021700661,2018-01-17,UTA @ SAC
1317,0021700653,2018-01-17,WAS @ CHA
1319,0021700658,2018-01-17,NYK @ MEM
1321,0021700656,2018-01-17,DET @ TOR
1323,0021700660,2018-01-17,LAL @ OKC
1324,0021700663,2018-01-18,PHI @ BOS
1326,0021700664,2018-01-18,ORL @ CLE
1328,0021700665,2018-01-18,MIN @ HOU
1331,0021700666,2018-01-18,IND @ POR
1332,0021700673,2018-01-19,IND @ LAL
1334,0021700668,2018-01-19,MIA @ BKN
1336,0021700669,2018-01-19,WAS @ DET
1338,0021700672,2018-01-19,NYK @ UTA
1340,0021700671,2018-01-19,PHX @ DEN
1342,0021700667,2018-01-19,SAS @ TOR
1344,0021700670,2018-01-19,SAC @ MEM
1347,0021700678,2018-01-20,MIL @ PHI
1349,0021700674,2018-01-20,OKC @ CLE
1350,0021700679,2018-01-20,GSW @ HOU
1353,0021700682,2018-01-20,DAL @ POR
1354,0021700675,2018-01-20,CHI @ ATL
1356,0021700681,2018-01-20,LAC @ UTA
1359,0021700680,2018-01-20,TOR @ MIN
1360,0021700676,2018-01-20,MIA @ CHA
1363,0021700677,2018-01-20,MEM @ NOP
1365,0021700686,2018-01-21,IND @ SAS
1367,0021700684,2018-01-21,NYK @ LAL
1368,0021700683,2018-01-21,ORL @ BOS
1370,0021700685,2018-01-21,BKN @ DET
1373,0021700689,2018-01-22,MIA @ HOU
1374,0021700695,2018-01-22,MIN @ LAC
1377,0021700688,2018-01-22,UTA @ ATL
1378,0021700691,2018-01-22,PHX @ MIL
1381,0021700693,2018-01-22,WAS @ DAL
1383,0021700694,2018-01-22,POR @ DEN
1384,0021700687,2018-01-22,SAC @ CHA
1387,0021700690,2018-01-22,PHI @ MEM
1388,0021700692,2018-01-22,CHI @ NOP
1391,0021700699,2018-01-23,NYK @ GSW
1392,0021700698,2018-01-23,CLE @ SAS
1395,0021700700,2018-01-23,BOS @ LAL
1397,0021700696,2018-01-23,SAC @ ORL
1398,0021700697,2018-01-23,BKN @ OKC
1400,0021700704,2018-01-24,CHI @ PHI
1403,0021700702,2018-01-24,UTA @ DET
1405,0021700709,2018-01-24,BOS @ LAC
1406,0021700708,2018-01-24,MIN @ POR
1408,0021700703,2018-01-24,PHX @ IND
1411,0021700705,2018-01-24,TOR @ ATL
1413,0021700706,2018-01-24,HOU @ DAL
1415,0021700701,2018-01-24,NOP @ CHA
1417,0021700707,2018-01-24,SAS @ MEM
1419,0021700713,2018-01-25,MIN @ GSW
1421,0021700710,2018-01-25,SAC @ MIA
1422,0021700712,2018-01-25,NYK @ DEN
1424,0021700711,2018-01-25,WAS @ OKC
1426,0021700722,2018-01-26,PHI @ SAS
1428,0021700717,2018-01-26,LAL @ CHI
1430,0021700723,2018-01-26,NYK @ PHX
1432,0021700715,2018-01-26,IND @ CLE
1435,0021700721,2018-01-26,POR @ DAL
1436,0021700719,2018-01-26,BKN @ MIL
1438,0021700714,2018-01-26,ATL @ CHA
1440,0021700716,2018-01-26,UTA @ TOR
1443,0021700718,2018-01-26,LAC @ MEM
1444,0021700720,2018-01-26,HOU @ NOP
1446,0021700728,2018-01-27,BOS @ GSW
1449,0021700724,2018-01-27,OKC @ DET
1450,0021700727,2018-01-27,CHA @ MIA
1452,0021700725,2018-01-27,ORL @ IND
1454,0021700726,2018-01-27,WAS @ ATL
1457,0021700729,2018-01-27,BKN @ MIN
1459,0021700730,2018-01-27,DAL @ DEN
1460,0021700737,2018-01-28,SAC @ SAS
1463,0021700731,2018-01-28,MIL @ CHI
1465,0021700734,2018-01-28,DET @ CLE
1467,0021700732,2018-01-28,PHX @ HOU
1468,0021700735,2018-01-28,LAL @ TOR
1470,0021700736,2018-01-28,PHI @ OKC
1473,0021700733,2018-01-28,LAC @ NOP
1475,0021700738,2018-01-29,CHA @ IND
1476,0021700739,2018-01-29,MIN @ ATL
1478,0021700741,2018-01-29,PHI @ MIL
1481,0021700742,2018-01-29,MIA @ DAL
1482,0021700743,2018-01-29,BOS @ DEN
1484,0021700740,2018-01-29,PHX @ MEM
1487,0021700750,2018-01-30,DEN @ SAS
1488,0021700745,2018-01-30,BKN @ NYK
1491,0021700748,2018-01-30,ORL @ HOU
1492,0021700747,2018-01-30,CLE @ DET
1495,0021700752,2018-01-30,POR @ LAC
1496,0021700751,2018-01-30,GSW @ UTA
1499,0021700744,2018-01-30,OKC @ WAS
1500,0021700746,2018-01-30,MIN @ TOR
1502,0021700749,2018-01-30,SAC @ NOP
1504,0021700758,2018-01-31,NYK @ BOS
1507,0021700760,2018-01-31,DAL @ PHX
1508,0021700756,2018-01-31,PHI @ BKN
1510,0021700757,2018-01-31,MIA @ CLE
1513,0021700754,2018-01-31,LAL @ ORL
1515,0021700759,2018-01-31,CHI @ POR
1516,0021700753,2018-01-31,MEM @ IND
1519,0021700755,2018-01-31,CHA @ ATL
1520,0021700764,2018-02-01,HOU @ SAS
1523,0021700761,2018-02-01,MEM @ DET
1525,0021700765,2018-02-01,OKC @ DEN
1527,0021700763,2018-02-01,MIL @ MIN
1528,0021700762,2018-02-01,TOR @ WAS
1531,0021700770,2018-02-02,MIA @ PHI
1533,0021700767,2018-02-02,ATL @ BOS
1534,0021700773,2018-02-02,UTA @ PHX
1537,0021700768,2018-02-02,LAL @ BKN
1538,0021700771,2018-02-02,NYK @ MIL
1540,0021700774,2018-02-02,GSW @ SAC
1542,0021700766,2018-02-02,IND @ CHA
1545,0021700769,2018-02-02,POR @ TOR
1546,0021700772,2018-02-02,NOP @ OKC
1549,0021700781,2018-02-03,UTA @ SAS
1551,0021700779,2018-02-03,HOU @ CLE
1553,0021700778,2018-02-03,WAS @ ORL
1554,0021700776,2018-02-03,MIA @ DET
1557,0021700775,2018-02-03,CHI @ LAC
1559,0021700777,2018-02-03,PHI @ IND
1560,0021700783,2018-02-03,DAL @ SAC
1563,0021700780,2018-02-03,NOP @ MIN
1564,0021700782,2018-02-03,GSW @ DEN
1566,0021700786,2018-02-04,ATL @ NYK
1568,0021700789,2018-02-04,CHA @ PHX
1571,0021700784,2018-02-04,POR @ BOS
1573,0021700785,2018-02-04,MIL @ BKN
1574,0021700787,2018-02-04,MEM @ TOR
1576,0021700788,2018-02-04,LAL @ OKC
1578,0021700790,2018-02-05,POR @ DET
1580,0021700792,2018-02-05,ORL @ MIA
1582,0021700796,2018-02-05,DAL @ LAC
1585,0021700791,2018-02-05,WAS @ IND
1587,0021700795,2018-02-05,CHI @ SAC
1589,0021700794,2018-02-05,CHA @ DEN
1590,0021700793,2018-02-05,UTA @ NOP
1592,0021700802,2018-02-06,WAS @ PHI
1594,0021700803,2018-02-06,OKC @ GSW
1596,0021700804,2018-02-06,PHX @ LAL
1598,0021700801,2018-02-06,MIL @ NYK
1600,0021700800,2018-02-06,HOU @ BKN
1602,0021700797,2018-02-06,CLE @ ORL
1605,0021700799,2018-02-06,MEM @ ATL
1607,0021700798,2018-02-06,BOS @ TOR
1609,0021700810,2018-02-07,SAS @ PHX
1611,0021700807,2018-02-07,MIN @ CLE
1612,0021700805,2018-02-07,BKN @ DET
1615,0021700806,2018-02-07,HOU @ MIA
1617,0021700808,2018-02-07,UTA @ MEM
1618,0021700815,2018-02-08,DAL @ GSW
1621,0021700816,2018-02-08,OKC @ LAL
1622,0021700811,2018-02-08,ATL @ ORL
1624,0021700814,2018-02-08,CHA @ POR
1627,0021700813,2018-02-08,BOS @ WAS
1629,0021700812,2018-02-08,NYK @ TOR
1630,0021700818,2018-02-09,NOP @ PHI
1632,0021700822,2018-02-09,MIN @ CHI
1634,0021700820,2018-02-09,IND @ BOS
1636,0021700823,2018-02-09,DEN @ HOU
1639,0021700817,2018-02-09,LAC @ DET
1641,0021700821,2018-02-09,MIL @ MIA
1642,0021700819,2018-02-09,CLE @ ATL
1645,0021700824,2018-02-09,CHA @ UTA
1646,0021700825,2018-02-09,POR @ SAC
1648,0021700828,2018-02-10,LAC @ PHI
1651,0021700831,2018-02-10,SAS @ GSW
1652,0021700829,2018-02-10,WAS @ CHI
1655,0021700832,2018-02-10,DEN @ PHX
1656,0021700826,2018-02-10,NOP @ BKN
1659,0021700827,2018-02-10,MIL @ ORL
1660,0021700830,2018-02-10,LAL @ DAL
1663,0021700835,2018-02-11,CLE @ BOS
1665,0021700837,2018-02-11,DAL @ HOU
1666,0021700840,2018-02-11,UTA @ POR
1669,0021700836,2018-02-11,NYK @ IND
1671,0021700834,2018-02-11,DET @ ATL
1672,0021700833,2018-02-11,TOR @ CHA
1674,0021700838,2018-02-11,SAC @ MIN
1676,0021700839,2018-02-11,MEM @ OKC
1678,0021700842,2018-02-12,NYK @ PHI
1680,0021700846,2018-02-12,PHX @ GSW
1682,0021700844,2018-02-12,ORL @ CHI
1684,0021700843,2018-02-12,LAC @ BKN
1686,0021700841,2018-02-12,NOP @ DET
1689,0021700845,2018-02-12,SAS @ UTA
1690,0021700848,2018-02-13,ATL @ MIL
1693,0021700851,2018-02-13,SAC @ DAL
1694,0021700852,2018-02-13,SAS @ DEN
1696,0021700849,2018-02-13,HOU @ MIN
1698,0021700847,2018-02-13,MIA @ TOR
1700,0021700850,2018-02-13,CLE @ OKC
1702,0021700855,2018-02-14,MIA @ PHI
1704,0021700859,2018-02-14,TOR @ CHI
1706,0021700857,2018-02-14,WAS @ NYK
1708,0021700856,2018-02-14,IND @ BKN
1711,0021700858,2018-02-14,LAC @ BOS
1713,0021700860,2018-02-14,SAC @ HOU
1715,0021700854,2018-02-14,CHA @ ORL
1717,0021700853,2018-02-14,ATL @ DET
1719,0021700864,2018-02-14,GSW @ POR
1721,0021700863,2018-02-14,PHX @ UTA
1722,0021700861,2018-02-14,OKC @ MEM
1725,0021700862,2018-02-14,LAL @ NOP
1727,0021700865,2018-02-15,DEN @ MIL
1728,0021700866,2018-02-15,LAL @ MIN
1731,0021700872,2018-02-22,LAC @ GSW
1733,0021700870,2018-02-22,PHI @ CHI
1735,0021700869,2018-02-22,WAS @ CLE
1736,0021700868,2018-02-22,NYK @ ORL
1738,0021700871,2018-02-22,OKC @ SAC
1740,0021700867,2018-02-22,BKN @ CHA
1742,0021700883,2018-02-23,DAL @ LAL
1744,0021700881,2018-02-23,LAC @ PHX
1746,0021700877,2018-02-23,MIN @ HOU
1749,0021700873,2018-02-23,BOS @ DET
1750,0021700874,2018-02-23,ATL @ IND
1752,0021700882,2018-02-23,POR @ UTA
1755,0021700880,2018-02-23,SAS @ DEN
1757,0021700875,2018-02-23,CHA @ WAS
1759,0021700878,2018-02-23,CLE @ MEM
1760,0021700876,2018-02-23,MIL @ TOR
1762,0021700879,2018-02-23,MIA @ NOP
1764,0021700884,2018-02-24,ORL @ PHI
1767,0021700887,2018-02-24,OKC @ GSW
1768,0021700886,2018-02-24,BOS @ NYK
1770,0021700889,2018-02-24,POR @ PHX
1773,0021700885,2018-02-24,MEM @ MIA
1774,0021700890,2018-02-24,DAL @ UTA
1776,0021700891,2018-02-24,LAL @ SAC
1778,0021700888,2018-02-24,CHI @ MIN
1781,0021700894,2018-02-25,SAS @ CLE
1782,0021700893,2018-02-25,NOP @ MIL
1784,0021700896,2018-02-25,HOU @ DEN
1786,0021700892,2018-02-25,DET @ CHA
1788,0021700895,2018-02-25,PHI @ WAS
1791,0021700900,2018-02-26,GSW @ NYK
1792,0021700898,2018-02-26,MEM @ BOS
1795,0021700899,2018-02-26,CHI @ BKN
1797,0021700897,2018-02-26,LAL @ ATL
1799,0021700904,2018-02-26,IND @ DAL
1801,0021700905,2018-02-26,HOU @ UTA
1803,0021700906,2018-02-26,MIN @ SAC
1804,0021700901,2018-02-26,DET @ TOR
1807,0021700903,2018-02-26,ORL @ OKC
1809,0021700902,2018-02-26,PHX @ NOP
1811,0021700908,2018-02-27,BKN @ CLE
1813,0021700909,2018-02-27,PHI @ MIA
1814,0021700911,2018-02-27,SAC @ POR
1817,0021700910,2018-02-27,WAS @ MIL
1819,0021700912,2018-02-27,LAC @ DEN
1820,0021700907,2018-02-27,CHI @ CHA
1822,0021700920,2018-02-28,NOP @ SAS
1825,0021700916,2018-02-28,CHA @ BOS
1826,0021700914,2018-02-28,TOR @ ORL
1828,0021700913,2018-02-28,MIL @ DET
1831,0021700921,2018-02-28,HOU @ LAC
1832,0021700915,2018-02-28,IND @ ATL
1835,0021700919,2018-02-28,OKC @ DAL
1836,0021700917,2018-02-28,GSW @ WAS
1839,0021700918,2018-02-28,PHX @ MEM
1840,0021700923,2018-03-01,PHI @ CLE
1842,0021700922,2018-03-01,LAL @ MIA
1845,0021700925,2018-03-01,MIN @ POR
1847,0021700924,2018-03-01,BKN @ SAC
1848,0021700927,2018-03-02,CHA @ PHI
1850,0021700930,2018-03-02,DAL @ CHI
1853,0021700933,2018-03-02,OKC @ PHX
1855,0021700926,2018-03-02,DET @ ORL
1857,0021700935,2018-03-02,NYK @ LAC
1858,0021700928,2018-03-02,GSW @ ATL
1861,0021700934,2018-03-02,MIN @ UTA
1863,0021700932,2018-03-02,IND @ MIL
1865,0021700929,2018-03-02,TOR @ WAS
1866,0021700931,2018-03-02,DEN @ MEM
1869,0021700940,2018-03-03,LAL @ SAS
1871,0021700937,2018-03-03,DEN @ CLE
1872,0021700939,2018-03-03,BOS @ HOU
1875,0021700936,2018-03-03,MEM @ ORL
1877,0021700938,2018-03-03,DET @ MIA
1878,0021700941,2018-03-03,OKC @ POR
1880,0021700942,2018-03-03,UTA @ SAC
1882,0021700948,2018-03-04,BKN @ LAC
1884,0021700943,2018-03-04,PHX @ ATL
1887,0021700946,2018-03-04,NOP @ DAL
1888,0021700947,2018-03-04,PHI @ MIL
1891,0021700949,2018-03-04,NYK @ SAC
1892,0021700945,2018-03-04,IND @ WAS
1894,0021700944,2018-03-04,CHA @ TOR
1896,0021700954,2018-03-05,MEM @ SAS
1898,0021700956,2018-03-05,POR @ LAL
1900,0021700953,2018-03-05,BOS @ CHI
1902,0021700950,2018-03-05,DET @ CLE
1904,0021700952,2018-03-05,PHX @ MIA
1907,0021700951,2018-03-05,MIL @ IND
1909,0021700955,2018-03-05,ORL @ UTA
1911,0021700963,2018-03-06,BKN @ GSW
1913,0021700964,2018-03-06,NOP @ LAC
1914,0021700962,2018-03-06,NYK @ POR
1916,0021700961,2018-03-06,DEN @ DAL
1918,0021700957,2018-03-06,PHI @ CHA
1921,0021700959,2018-03-06,MIA @ WAS
1922,0021700958,2018-03-06,ATL @ TOR
1925,0021700960,2018-03-06,HOU @ OKC
1927,0021700971,2018-03-07,ORL @ LAL
1928,0021700967,2018-03-07,MEM @ CHI
1930,0021700966,2018-03-07,TOR @ DET
1932,0021700965,2018-03-07,UTA @ IND
1935,0021700968,2018-03-07,HOU @ MIL
1936,0021700969,2018-03-07,NOP @ SAC
1938,0021700970,2018-03-07,CLE @ DEN
1940,0021700976,2018-03-08,SAS @ GSW
1942,0021700973,2018-03-08,PHI @ MIA
1945,0021700972,2018-03-08,BKN @ CHA
1946,0021700974,2018-03-08,BOS @ MIN
1948,0021700975,2018-03-08,PHX @ OKC
1951,0021700977,2018-03-09,CHI @ DET
1953,0021700986,2018-03-09,CLE @ LAC
1954,0021700984,2018-03-09,GSW @ POR
1957,0021700978,2018-03-09,ATL @ IND
1958,0021700981,2018-03-09,NYK @ MIL
1960,0021700985,2018-03-09,ORL @ SAC
1962,0021700983,2018-03-09,LAL @ DEN
1965,0021700979,2018-03-09,HOU @ TOR
1967,0021700980,2018-03-09,UTA @ MEM
1969,0021700982,2018-03-09,WAS @ NOP
1971,0021700988,2018-03-10,WAS @ MIA
1972,0021700991,2018-03-10,ORL @ LAC
1974,0021700989,2018-03-10,MEM @ DAL
1977,0021700987,2018-03-10,PHX @ CHA
1978,0021700990,2018-03-10,SAS @ OKC
1981,0021701000,2018-03-11,CLE @ LAL
1983,0021700992,2018-03-11,TOR @ NYK
1984,0021700998,2018-03-11,IND @ BOS
1986,0021700999,2018-03-11,PHI @ BKN
1988,0021700993,2018-03-11,CHI @ ATL
1991,0021700997,2018-03-11,HOU @ DAL
1993,0021700996,2018-03-11,SAC @ DEN
1995,0021700994,2018-03-11,GSW @ MIN
1996,0021700995,2018-03-11,UTA @ NOP
1998,0021701001,2018-03-12,SAS @ HOU
2000,0021701004,2018-03-12,MIA @ POR
2002,0021701002,2018-03-12,MIL @ MEM
2005,0021701003,2018-03-12,SAC @ OKC
2007,0021701005,2018-03-13,IND @ PHI
2008,0021701012,2018-03-13,ORL @ SAS
2011,0021701015,2018-03-13,DEN @ LAL
2013,0021701010,2018-03-13,LAC @ CHI
2014,0021701009,2018-03-13,DAL @ NYK
2016,0021701014,2018-03-13,CLE @ PHX
2018,0021701008,2018-03-13,TOR @ BKN
2021,0021701007,2018-03-13,OKC @ ATL
2022,0021701013,2018-03-13,DET @ UTA
2024,0021701006,2018-03-13,MIN @ WAS
2026,0021701011,2018-03-13,CHA @ NOP
2029,0021701019,2018-03-14,LAL @ GSW
2030,0021701017,2018-03-14,WAS @ BOS
2033,0021701016,2018-03-14,MIL @ ORL
2034,0021701018,2018-03-14,MIA @ SAC
2037,0021701025,2018-03-15,NOP @ SAS
2039,0021701022,2018-03-15,PHI @ NYK
2040,0021701023,2018-03-15,LAC @ HOU
2042,0021701028,2018-03-15,CLE @ POR
2044,0021701020,2018-03-15,TOR @ IND
2046,0021701021,2018-03-15,CHA @ ATL
2049,0021701027,2018-03-15,PHX @ UTA
2051,0021701026,2018-03-15,DET @ DEN
2052,0021701024,2018-03-15,CHI @ MEM
2054,0021701030,2018-03-16,BKN @ PHI
2056,0021701033,2018-03-16,SAC @ GSW
2058,0021701034,2018-03-16,MIA @ LAL
2061,0021701029,2018-03-16,BOS @ ORL
2062,0021701031,2018-03-16,DAL @ TOR
2065,0021701032,2018-03-16,LAC @ OKC
2067,0021701042,2018-03-17,MIN @ SAS
2068,0021701039,2018-03-17,CLE @ CHI
2071,0021701038,2018-03-17,CHA @ NYK
2072,0021701044,2018-03-17,GSW @ PHX
2075,0021701037,2018-03-17,DAL @ BKN
2077,0021701045,2018-03-17,DET @ POR
2078,0021701043,2018-03-17,SAC @ UTA
2081,0021701041,2018-03-17,ATL @ MIL
2082,0021701035,2018-03-17,IND @ WAS
2084,0021701040,2018-03-17,DEN @ MEM
2086,0021701036,2018-03-17,HOU @ NOP
2088,0021701049,2018-03-18,POR @ LAC
2090,0021701048,2018-03-18,HOU @ MIN
2092,0021701046,2018-03-18,OKC @ TOR
2094,0021701047,2018-03-18,BOS @ NOP
2097,0021701052,2018-03-19,CHA @ PHI
2098,0021701056,2018-03-19,GSW @ SAS
2100,0021701055,2018-03-19,CHI @ NYK
2102,0021701050,2018-03-19,MIL @ CLE
2105,0021701053,2018-03-19,MEM @ BKN
2107,0021701054,2018-03-19,DEN @ MIA
2109,0021701051,2018-03-19,LAL @ IND
2111,0021701057,2018-03-19,DET @ SAC
2113,0021701063,2018-03-20,DET @ PHX
2114,0021701059,2018-03-20,OKC @ BOS
2117,0021701058,2018-03-20,TOR @ ORL
2119,0021701064,2018-03-20,HOU @ POR
2121,0021701062,2018-03-20,ATL @ UTA
2122,0021701060,2018-03-20,LAC @ MIN
2124,0021701061,2018-03-20,DAL @ NOP
2126,0021701066,2018-03-21,MEM @ PHI
2129,0021701071,2018-03-21,WAS @ SAS
2131,0021701069,2018-03-21,DEN @ CHI
2133,0021701065,2018-03-21,TOR @ CLE
2134,0021701067,2018-03-21,CHA @ BKN
2137,0021701068,2018-03-21,NYK @ MIA
2138,0021701070,2018-03-21,LAC @ MIL
2140,0021700809,2018-03-21,IND @ NOP
2143,0021701074,2018-03-22,DET @ HOU
2144,0021701073,2018-03-22,PHI @ ORL
2146,0021701076,2018-03-22,UTA @ DAL
2148,0021701077,2018-03-22,ATL @ SAC
2151,0021701072,2018-03-22,MEM @ CHA
2153,0021701075,2018-03-22,LAL @ NOP
2155,0021701087,2018-03-23,ATL @ GSW
2157,0021701085,2018-03-23,UTA @ SAS
2158,0021701083,2018-03-23,MIL @ CHI
2160,0021701081,2018-03-23,MIN @ NYK
2162,0021701080,2018-03-23,PHX @ CLE
2165,0021701086,2018-03-23,BOS @ POR
2166,0021701078,2018-03-23,LAC @ IND
2169,0021701079,2018-03-23,DEN @ WAS
2171,0021701082,2018-03-23,BKN @ TOR
2173,0021701084,2018-03-23,MIA @ OKC
2174,0021701088,2018-03-24,MIN @ PHI
2176,0021701091,2018-03-24,NOP @ HOU
2179,0021701090,2018-03-24,PHX @ ORL
2181,0021701089,2018-03-24,CHI @ DET
2182,0021701093,2018-03-24,CHA @ DAL
2184,0021701092,2018-03-24,LAL @ MEM
2186,0021701102,2018-03-25,UTA @ GSW
2188,0021701094,2018-03-25,CLE @ BKN
2190,0021701101,2018-03-25,ATL @ HOU
2193,0021701096,2018-03-25,MIA @ IND
2194,0021701095,2018-03-25,SAS @ MIL
2197,0021701099,2018-03-25,BOS @ SAC
2199,0021701098,2018-03-25,NYK @ WAS
2201,0021701097,2018-03-25,LAC @ TOR
2202,0021701100,2018-03-25,POR @ OKC
2205,0021701105,2018-03-26,DEN @ PHI
2206,0021701107,2018-03-26,BOS @ PHX
2209,0021701104,2018-03-26,LAL @ DET
2211,0021701106,2018-03-26,MEM @ MIN
2212,0021701103,2018-03-26,NYK @ CHA
2214,0021701114,2018-03-27,IND @ GSW
2216,0021701111,2018-03-27,CHI @ HOU
2219,0021701110,2018-03-27,CLE @ MIA
2221,0021701115,2018-03-27,MIL @ LAC
2222,0021701113,2018-03-27,DAL @ SAC
2224,0021701108,2018-03-27,SAS @ WAS
2227,0021701109,2018-03-27,DEN @ TOR
2229,0021701112,2018-03-27,POR @ NOP
2231,0021701118,2018-03-28,NYK @ PHI
2232,0021701123,2018-03-28,DAL @ LAL
2234,0021701122,2018-03-28,LAC @ PHX
2236,0021701117,2018-03-28,BKN @ ORL
2239,0021701121,2018-03-28,BOS @ UTA
2240,0021701116,2018-03-28,CLE @ CHA
2243,0021701120,2018-03-28,ATL @ MIN
2245,0021701119,2018-03-28,POR @ MEM
2246,0021701126,2018-03-29,OKC @ SAS
2249,0021701128,2018-03-29,MIL @ GSW
2251,0021701124,2018-03-29,WAS @ DET
2252,0021701125,2018-03-29,CHI @ MIA
2255,0021701127,2018-03-29,IND @ SAC
2256,0021701136,2018-03-30,MIL @ LAL
2259,0021701131,2018-03-30,NOP @ CLE
2260,0021701132,2018-03-30,PHX @ HOU
2263,0021701129,2018-03-30,CHI @ ORL
2264,0021701137,2018-03-30,LAC @ POR
2266,0021701130,2018-03-30,PHI @ ATL
2269,0021701135,2018-03-30,MEM @ UTA
2271,0021701134,2018-03-30,MIN @ DAL
2272,0021701133,2018-03-30,DEN @ OKC
2275,0021701139,2018-03-31,DET @ NYK
2276,0021701140,2018-03-31,TOR @ BOS
2279,0021701141,2018-03-31,BKN @ MIA
2280,0021701142,2018-03-31,GSW @ SAC
2282,0021701138,2018-03-31,CHA @ WAS
2284,0021701153,2018-04-01,PHX @ GSW
2286,0021701145,2018-04-01,HOU @ SAS
2289,0021701155,2018-04-01,SAC @ LAL
2291,0021701144,2018-04-01,WAS @ CHI
2292,0021701148,2018-04-01,DET @ BKN
2294,0021701149,2018-04-01,DAL @ CLE
2297,0021701146,2018-04-01,IND @ LAC
2298,0021701154,2018-04-01,MEM @ POR
2300,0021701147,2018-04-01,ORL @ ATL
2303,0021701152,2018-04-01,MIL @ DEN
2305,0021701143,2018-04-01,PHI @ CHA
2306,0021701151,2018-04-01,UTA @ MIN
2309,0021701150,2018-04-01,OKC @ NOP
2310,0021701157,2018-04-03,BKN @ PHI
2312,0021701160,2018-04-03,CHA @ CHI
2315,0021701159,2018-04-03,ORL @ NYK
2316,0021701167,2018-04-03,SAC @ PHX
2318,0021701156,2018-04-03,TOR @ CLE
2321,0021701161,2018-04-03,WAS @ HOU
2322,0021701158,2018-04-03,ATL @ MIA
2324,0021701168,2018-04-03,SAS @ LAC
2326,0021701164,2018-04-03,POR @ DAL
2328,0021701166,2018-04-03,LAL @ UTA
2331,0021701162,2018-04-03,BOS @ MIL
2333,0021701165,2018-04-03,IND @ DEN
2335,0021701163,2018-04-03,GSW @ OKC
2336,0021701174,2018-04-04,SAS @ LAL
2338,0021701170,2018-04-04,DAL @ ORL
2340,0021701169,2018-04-04,PHI @ DET
2342,0021701172,2018-04-04,MIA @ ATL
2345,0021701171,2018-04-04,BOS @ TOR
2346,0021701173,2018-04-04,MEM @ NOP
2348,0021701176,2018-04-05,WAS @ CLE
2351,0021701177,2018-04-05,POR @ HOU
2353,0021701175,2018-04-05,GSW @ IND
2355,0021701179,2018-04-05,LAC @ UTA
2356,0021701178,2018-04-05,BKN @ MIL
2358,0021701180,2018-04-05,MIN @ DEN
2361,0021701183,2018-04-06,CLE @ PHI
2362,0021701190,2018-04-06,MIN @ LAL
2365,0021701186,2018-04-06,MIA @ NYK
2367,0021701189,2018-04-06,NOP @ PHX
2368,0021701185,2018-04-06,CHI @ BOS
2370,0021701182,2018-04-06,CHA @ ORL
2373,0021701181,2018-04-06,DAL @ DET
2374,0021701184,2018-04-06,ATL @ WAS
2376,0021701187,2018-04-06,IND @ TOR
2379,0021701188,2018-04-06,SAC @ MEM
2381,0021701195,2018-04-07,NOP @ GSW
2383,0021701196,2018-04-07,POR @ SAS
2385,0021701193,2018-04-07,BKN @ CHI
2387,0021701192,2018-04-07,MIL @ NYK
2389,0021701194,2018-04-07,OKC @ HOU
2391,0021701191,2018-04-07,DEN @ LAC
2392,0021701198,2018-04-08,DAL @ PHI
2394,0021701201,2018-04-08,UTA @ LAL
2396,0021701203,2018-04-08,GSW @ PHX
2398,0021701202,2018-04-08,ATL @ BOS
2401,0021701197,2018-04-08,IND @ CHA
2402,0021701199,2018-04-08,DET @ MEM
2405,0021701200,2018-04-08,ORL @ TOR
2407,0021701210,2018-04-09,SAC @ SAS
2408,0021701207,2018-04-09,CLE @ NYK
2411,0021701205,2018-04-09,CHI @ BKN
2413,0021701204,2018-04-09,TOR @ DET
2415,0021701206,2018-04-09,OKC @ MIA
2416,0021701212,2018-04-09,NOP @ LAC
2419,0021701208,2018-04-09,ORL @ MIL
2421,0021701211,2018-04-09,POR @ DEN
2423,0021701209,2018-04-09,MEM @ MIN
2424,0021701218,2018-04-10,HOU @ LAL
2427,0021701213,2018-04-10,CHA @ IND
2429,0021701214,2018-04-10,PHI @ ATL
2431,0021701217,2018-04-10,GSW @ UTA
2433,0021701216,2018-04-10,PHX @ DAL
2435,0021701215,2018-04-10,BOS @ WAS
2437,0021701223,2018-04-11,MIL @ PHI
2438,0021701224,2018-04-11,DET @ CHI
2441,0021701219,2018-04-11,BKN @ BOS
2442,0021701220,2018-04-11,NYK @ CLE
2444,0021701222,2018-04-11,WAS @ ORL
2447,0021701228,2018-04-11,LAL @ LAC
2448,0021701221,2018-04-11,TOR @ MIA
2450,0021701229,2018-04-11,UTA @ POR
2452,0021701230,2018-04-11,HOU @ SAC
2454,0021701225,2018-04-11,DEN @ MIN
2457,0021701227,2018-04-11,MEM @ OKC
2459,0021701226,2018-04-11,SAS @ NOP
